Stock Name,Sector,Percentage Invested,Money Invested,Count,Nifty Weightage,Market Cap
ICICI Bank Ltd.,Financial,115.94,5338.381899999999,361,6.65,"5,00,153"
State Bank of India,Financial,68.87999999999998,2736.6189999999997,289,2.48,"4,32,264"
HDFC Bank Ltd.,Financial,103.27999999999999,5114.2082,225,8.45,"7,31,068"
Larsen & Toubro Ltd.,Construction,54.37,1927.0505999999998,225,2.80,"2,27,980"
Axis Bank Ltd.,Financial,48.7,2924.2622000000006,169,2.63,"2,06,726"
ITC Ltd.,Consumer Staples,40.309999999999995,1155.5846999999999,169,2.88,"3,28,723"
Infosys Ltd.,Technology,66.31,4807.2365,144,9.15,"6,49,302"
Bharti Airtel Ltd.,Communication,34.94,1991.1798000000001,144,2.34,"4,18,022"
SBI Life Insurance Company Ltd.,Insurance,15.340000000000002,647.8507,121,0.65,"1,05,899"
Tata Steel Ltd.,Metals & Mining,18.06,937.0083999999999,121,1.38,"1,56,985"
HDFC Standard Life Insurance Company Ltd.,Insurance,13.379999999999999,714.9356999999999,121,,
Reliance Industries Ltd.,Energy,50.230000000000004,3283.2805999999996,100,11.92,"17,73,469"
Ambuja Cements Ltd.,Materials,14.510000000000002,408.8491000000001,100,,
Housing Development Finance Corpn. Ltd.,Financial,39.599999999999994,1496.4053999999999,100,5.67,"3,90,046"
Gland Pharma Ltd.,Healthcare,23.509999999999998,516.734,100,,
Ashok Leyland Ltd.,Automobile,15.93,537.6727,100,,
Dr. Reddy's Laboratories Ltd.,Healthcare,18.47,457.4366,100,0.68,"65,405"
Coal India Ltd.,Materials,25.700000000000006,216.9681,81,0.50,"1,15,520"
Cholamandalam Investment & Finance Co. Ltd.,Financial,14.680000000000001,886.0327,81,,
Aurobindo Pharma Ltd.,Healthcare,13.04,600.0966000000001,81,,
Kotak Mahindra Bank Ltd.,Financial,15.94,762.4182000000001,81,3.38,"3,51,970"
Maruti Suzuki India Ltd.,Automobile,15.88,1204.0520999999999,81,1.32,"2,19,837"
Sun Pharmaceutical Inds. Ltd.,Healthcare,30.94,1730.1076,81,1.30,"2,11,765"
Tata Consultancy Services Ltd.,Technology,22.619999999999997,1702.3935999999997,81,5.08,"12,56,152"
Adani Ports and Special Economic Zone Ltd.,Services,32.85,335.69100000000003,81,0.73,"1,71,229"
Persistent Systems Ltd.,Technology,19.97,1105.566,64,,
Bajaj Finance Ltd.,Financial,27.839999999999996,1384.4783,64,2.54,"3,63,315"
Indian Hotels Co. Ltd.,Services,24.259999999999998,509.45160000000004,64,,
National Aluminium Co. Ltd.,Metals & Mining,17.89,233.40980000000002,64,,
Container Corpn. Of India Ltd.,Services,14.98,272.2537,64,,
Bharti Airtel Ltd. Partly Paid Equity,Communication,1.95,174.90359999999998,64,,
Titan Company Ltd.,Consumer Discretionary,8.08,386.77889999999996,49,1.39,"1,95,988"
Ultratech Cement Ltd.,Materials,17.21,393.3469,49,1,"1,79,038"
Motherson Sumi Wiring India Ltd.,Automobile,2.8200000000000003,296.13359999999994,49,,
Max Financial Services Ltd.,Financial,9.290000000000001,870.3049,49,,
HCL Technologies Ltd.,Technology,15.590000000000002,989.1423,49,1.62,"2,84,976"
Divi's Laboratories Ltd.,Healthcare,13.4,520.7645000000001,49,0.74,"1,10,373"
Linde India Ltd.,Chemicals,22.57,408.243,49,,
Fortis Healthcare (India) Ltd,Healthcare,16.28,426.6783,49,,
Tata Motors Ltd.,Automobile,8.219999999999999,701.2346,49,1.02,"1,35,723"
Hindustan Unilever Ltd.,Consumer Staples,13.34,729.3129000000001,49,2.40,"5,05,068"
ICICI Lombard General Insurance Comapny Limited,Insurance,7.01,472.41210000000007,49,,
Oil & Natural Gas Corpn. Ltd.,Energy,8.72,79.521,49,0.78,"2,10,028"
Bharat Electronics Ltd.,Capital Goods,10.08,394.2259000000001,36,,
Avenue Supermarts Ltd.,Services,8.290000000000001,464.78409999999997,36,,
IRB Infrastructure Developers Ltd.,Construction,21.659999999999997,136.76559999999998,36,,
Just Dial Ltd.,Services,6.43,84.1808,36,,
Piramal Enterprises Ltd.,Healthcare,11.71,46.5945,36,,
National Thermal Power Corp. Ltd.,Energy,11.27,515.0001,36,0.84,"1,54,225"
Adani Enterprises Ltd.,Services,31.060000000000002,200.86479999999997,36,,
Tata Power Co. Ltd.,Energy,12.120000000000001,126.26780000000001,36,,
Ruchi Soya Inds. Ltd.,Consumer Staples,29.44,198.18869999999998,36,,
FSN E-Commerce Ventures Ltd.,Services,5.91,230.1519,25,,
TV18 Broadcast Ltd.,Services,12.239999999999998,82.5482,25,,
Grameen Financial Services Pvt Ltd.,Financial,9.23,548.5885,25,,
Bharat Petroleum Corpn. Ltd.,Energy,5.67,388.0685,25,0.45,"77,442"
SBI Cards & Payments Services Ltd.,Financial,7.0600000000000005,424.0964,25,,
UTI Asset Management Company Ltd.,Financial,4.77,385.7018,25,,
Tata Communications Ltd.,Communication,14.870000000000001,88.69069999999999,25,,
Chemplast Sanmar Ltd.,Chemicals,4.800000000000001,473.23620000000005,25,,
Bank Of Baroda,Financial,8.01,402.65409999999997,25,,
Voltas Ltd.,Consumer Discretionary,6.23,470.6887,25,,
Cipla Ltd.,Healthcare,12.700000000000001,356.1033,25,0.69,"75,457"
United Spirits Ltd.,Consumer Staples,5.470000000000001,411.10170000000005,25,,
SKF India Ltd.,Capital Goods,9.620000000000001,1047.0054,25,,
Hindalco Industries Ltd.,Metals & Mining,5.84,200.73029999999997,25,1.09,"99,786"
Vedanta Ltd.,Metals & Mining,33.8,302.883,25,,
Torrent Pharmaceuticals Ltd.,Healthcare,9.98,667.0919,25,,
Indian Energy Exchange Ltd.,Services,4.9,577.6747,25,,
Gujarat State Petronet Ltd.,Energy,6.26,731.2641999999998,25,,
Honeywell Automation India Ltd.,Capital Goods,6.15,346.5716,25,,
Bajaj Auto Ltd.,Automobile,9.08,236.1295,25,0.62,"1,01,213"
Mphasis Ltd.,Technology,8.44,829.2265000000001,25,,
Clean Science And Technology Ltd.,Chemicals,5.12,157.95600000000002,16,,
Lafarge India Ltd,Materials,3.0,275.69640000000004,16,,
Himachal Futuristic Communications Ltd.,Communication,8.420000000000002,83.83550000000001,16,,
Go Fashion (India) Ltd.,Services,4.27,121.0562,16,,
MTAR Technologies Ltd.,Capital Goods,6.1499999999999995,173.5537,16,,
Cummins India Ltd.,Capital Goods,9.84,347.8814,16,,
PNC Infratech Ltd.,Construction,5.93,126.77080000000001,16,,
Jubilant FoodWorks Ltd.,Services,3.7399999999999998,230.9196,16,,
ICICI Securities Ltd.,Financial,3.93,45.1018,16,,
PI Industries Ltd.,Chemicals,8.37,556.9625000000001,16,,
Thermax Ltd.,Capital Goods,6.26,159.93480000000002,16,,
GAIL (India) Ltd.,Energy,8.530000000000001,311.9076,16,,
GMR Infrastructure Ltd.,Construction,9.46,45.6042,16,,
Mahindra & Mahindra Ltd.,Automobile,5.800000000000001,164.58450000000002,16,1.01,"1,11,204"
Aegis Logistics Ltd.,Services,6.75,56.836099999999995,16,,
Sobha Ltd.,Construction,4.74,139.4604,16,,
Orient Electric Ltd.,Consumer Discretionary,5.61,627.9009,16,,
Dixon Technologies (India) Ltd.,Capital Goods,6.6899999999999995,533.1148000000001,16,,
Vedant Fashions Ltd.,Textiles,3.1399999999999997,66.8772,16,,
Rallis India Ltd.,Chemicals,3.39,219.65829999999997,16,,
Equitas Small Finance Bank Ltd.,Financial,2.25,152.26,16,,
Apollo Hospitals Enterprise Ltd.,Healthcare,13.61,192.3118,16,0.60,"55,031"
Sona BLW Precision Forgings Ltd.,Automobile,7.72,483.59360000000004,16,,
Zomato Ltd.,Services,2.7199999999999998,56.221,16,,
Hindustan Copper Ltd.,Metals & Mining,5.27,52.329699999999995,16,,
Sun TV Network Ltd.,Services,6.129999999999999,41.7057,16,,
Kajaria Ceramics Ltd.,Materials,7.66,276.8522,16,,
Angel Broking Ltd.,Financial,7.1,192.63209999999998,16,,
Bajaj Finserv Ltd.,Financial,8.23,92.3687,16,1.35,"2,17,119"
Page Industries Ltd.,Textiles,4.59,452.45760000000007,16,,
Motherson Sumi Systems Ltd.,Automobile,2.06,144.7344,16,,
Phoenix Mills Ltd.,Construction,4.65,153.72209999999998,16,,
Oracle Financial Services Software Ltd.,Technology,6.17,66.7576,16,,
Gokaldas Exports Ltd.,Textiles,4.11,238.6365,16,,
Rolex Rings Ltd.,Capital Goods,4.45,143.1499,16,,
Timken India Ltd.,Capital Goods,7.459999999999999,414.7654,16,,
Birla Corporation Ltd.,Materials,5.8,415.33279999999996,16,,
Prestige Estates Projects Ltd.,Construction,3.35,91.0411,16,,
Krishna Institute Of Medical Sciences Ltd.,Healthcare,7.27,473.59899999999993,16,,
Tech Mahindra Ltd.,Technology,7.49,305.5404,16,1.22,"1,25,527"
Greenply Industries Ltd.,Materials,3.9300000000000006,213.1895,16,,
Indiabulls Real Estate Ltd.,Construction,3.38,66.5682,16,,
KPR Mills Ltd.,Textiles,6.07,412.1544,16,,
Indian Bank,Financial,3.69,111.0787,9,,
Tata Global Beverages Ltd.,Consumer Staples,4.3100000000000005,286.7752,9,,
Federal Bank Ltd.,Financial,8.65,302.0169,9,,
Equitas Micro Finance India Pvt Ltd.,Financial,3.51,112.1912,9,,
Siemens Ltd.,Capital Goods,5.43,119.8424,9,,
KEC International Ltd.,Capital Goods,3.43,76.5108,9,,
Tarsons Products Ltd.,Healthcare,4.16,83.7942,9,,
Hero Motocorp Ltd.,Automobile,4.49,60.25309999999999,9,,
Indusind Bank Ltd.,Financial,6.66,112.30050000000001,9,0.80,"71,011"
Info Edge (India) Ltd.,Services,6.18,351.89730000000003,9,,
Havells India Ltd.,Capital Goods,3.7,532.2009999999999,9,,
Hindustan Aeronautics Ltd.,Capital Goods,3.48,178.29860000000002,9,,
Happiest Minds Technologies Ltd.,Technology,3.63,62.4233,9,,
Hindustan Petroleum Corpn. Ltd.,Energy,2.24,120.0596,9,,
Gujarat Gas Ltd.,Energy,4.79,234.7013,9,,
Grindwell Norton Ltd.,Metals & Mining,4.61,164.93480000000002,9,,
Security and Intelligence Services (India) Ltd.,Services,2.08,183.884,9,,
JB Chemicals & Pharmaceuticals Ltd.,Healthcare,5.27,163.3983,9,,
JK Cement Ltd,Materials,4.77,693.0013999999999,9,,
Godrej Consumer Products Ltd.,Consumer Staples,2.79,188.82479999999998,9,,
Gateway Distriparks Ltd.,Services,2.64,292.8146,9,,
Galaxy Surfactants Ltd.,Chemicals,4.75,357.73380000000003,9,,
Sumitomo Chemical India Pvt. Ltd.,Chemicals,4.32,101.44039999999998,9,,
Shree Cement Ltd.,Materials,4.539999999999999,203.7158,9,0.42,"86,467"
Computer Age Management Services Ltd.,Services,5.74,114.78970000000001,9,,
Indiabulls Housing Finance Ltd.,Financial,3.25,48.7828,9,,
Balrampur Chini Mills Ltd.,Consumer Staples,5.73,587.2098,9,,
Oberoi Realty Ltd.,Construction,3.3,138.5637,9,,
Prince Pipes & Fittings Ltd.,Materials,2.82,275.08140000000003,9,,
UPL Ltd.,Chemicals,4.81,123.58529999999999,9,0.56,"59,301"
Canara Bank,Financial,1.37,17.553299999999997,9,,
Britannia Industries Ltd.,Consumer Staples,4.029999999999999,304.84929999999997,9,0.50,"79,732"
Nifty 50,Others,9.29,347.4895,9,,
Vinati Organics Ltd.,Chemicals,4.89,536.4524999999999,9,,
Medplus Health Services Ltd.,Healthcare,2.3000000000000003,65.6614,9,,
Metropolis Healthcare Ltd.,Healthcare,3.38,102.4282,9,,
Biocon Ltd.,Healthcare,2.5,99.2684,9,,
MindTree Ltd.,Technology,8.629999999999999,247.73629999999997,9,,
Bharat Forge Ltd.,Automobile,3.9099999999999997,222.40120000000002,9,,
Schaeffler India Ltd.,Capital Goods,5.81,245.56680000000003,9,,
Balkrishna Industries Ltd.,Automobile,4.17,629.1139000000001,9,,
V-Guard Industries Ltd.,Consumer Discretionary,3.9299999999999997,233.16939999999997,9,,
VIP Industries Ltd.,Materials,4.64,322.7348,9,,
Natco Pharma Ltd.,Healthcare,4.54,229.52599999999998,9,,
VRL Logistics Ltd.,Services,6.59,85.3462,9,,
Multi Commodity Exchange India,Services,4.08,224.1933,9,,
Asian Paints Ltd.,Materials,4.41,225.7771,9,1.82,"2,89,352"
NIIT Technologies Ltd.,Technology,5.1000000000000005,330.76390000000004,9,,
Muthoot Finance Ltd.,Financial,4.5600000000000005,290.2876,9,,
Atul Ltd.,Chemicals,2.54,385.71039999999994,9,,
Carborundum Universal Ltd.,Metals & Mining,6.78,607.7939000000001,9,,
Catholic Syrian Bank Ltd.,Financial,3.11,40.4543,9,,
Crisil Ltd.,Services,6.119999999999999,70.5063,9,,
Eicher Motors Ltd.,Automobile,4.25,190.39940000000004,9,0.45,"64,548"
PVR Ltd.,Services,2.63,65.90960000000001,9,,
AU Small Finance Bank Ltd.,Financial,2.15,118.223,9,,
Zee Entertainment Enterprises Ltd.,Services,5.720000000000001,200.85139999999998,9,,
Aditya Birla Fashion and Retail Ltd.,Services,4.51,255.58540000000002,9,,
PB Fintech Ltd.,Services,2.01,22.044400000000003,9,,
Laurus Labs Ltd.,Healthcare,3.69,118.7889,9,,
Amber Enterprises India Pvt Ltd.,Consumer Discretionary,6.1,282.8321,9,,
Affle (India) Ltd.,Technology,6.3,334.15819999999997,9,,
Coromandel International Ltd.,Chemicals,4.02,100.5909,9,,
Ajanta Pharma Ltd.,Healthcare,4.52,355.09479999999996,9,,
Alkem Laboratories Ltd.,Healthcare,5.8,209.16540000000003,9,,
Macrotech Developers Ltd.,Construction,4.96,23.5431,9,,
Mahindra Lifespace Developers Ltd.,Construction,4.1899999999999995,179.33919999999998,9,,
Central Depository Services (India) Ltd.,Financial,2.89,339.159,9,,
Praj Industries Ltd.,Capital Goods,1.2,127.4136,4,,
Radico Khaitan Ltd.,Consumer Staples,3.3899999999999997,313.23740000000004,4,,
Indraprastha Gas Ltd.,Energy,3.17,89.6336,4,,
Power Grid Corpn. Of India Ltd.,Energy,9.07,93.11840000000001,4,0.97,"1,66,190"
Power Finance Corpn. Ltd.,Financial,1.65,304.0686,4,,
Navin Fluorine International Ltd.,Chemicals,2.73,434.2821,4,,
Prataap Snacks Ltd.,Consumer Staples,1.3199999999999998,80.98559999999999,4,,
Polycab India Ltd.,Capital Goods,2.6900000000000004,61.9791,4,,
One97 Communications Ltd.,Services,0.48,80.93279999999999,4,,
Ratnamani Metals & Tubes Ltd.,Metals & Mining,5.960000000000001,246.08800000000005,4,,
Kei Industries Ltd.,Capital Goods,4.6000000000000005,47.867000000000004,4,,
NHPC Ltd.,Energy,5.41,126.71879999999999,4,,
Lupin Ltd.,Healthcare,3.9299999999999997,92.45769999999999,4,,
Sapphire Foods India Ltd.,Services,1.36,42.315200000000004,4,,
Kalpataru Power Transmission Ltd.,Capital Goods,1.5,126.156,4,,
Kirloskar Pneumatic Co. Ltd.,Capital Goods,1.07,170.0731,4,,
Sansera Engineering Ltd.,Automobile,1.42,102.81700000000001,4,,
Sanofi India Ltd.,Healthcare,3.6799999999999997,220.53,4,,
L&T Technology Services Ltd.,Technology,3.29,120.1651,4,,
Sandhar Technologies Ltd.,Automobile,0.8799999999999999,99.6108,4,,
LatentView Analytics Ltd.,Technology,2.36,32.5055,4,,
ABB Ltd.,Capital Goods,3.9299999999999997,200.6831,4,,
KNR Constructions Ltd.,Construction,6.38,67.9256,4,,
Sterlite Technologies Ltd.,Communication,2.4299999999999997,241.4682,4,,
Lux Industries Ltd.,Textiles,2.09,220.7048,4,,
Intellect Design Arena Ltd.,Technology,1.83,169.3302,4,,
Mahindra & Mahindra Financial Services Ltd.,Financial,2.76,98.23859999999999,4,,
Mahindra Logistics Ltd.,Services,1.4100000000000001,68.0286,4,,
Shriram City Union Finance Ltd.,Financial,1.3599999999999999,63.6764,4,,
Shriram Transport Finance Co. Ltd.,Financial,2.3200000000000003,339.4622,4,,
JMC Projects (India) Ltd.,Construction,1.18,66.92009999999999,4,,
Max Healthcare Institute Ltd.,Healthcare,2.1399999999999997,92.33099999999999,4,,
Simran Wind Project Ltd.,Capital Goods,1.2100000000000002,99.5336,4,,
Restaurant Brands Asia Ltd.,Services,0.74,16.418599999999998,4,,
Ipca Laboratories Ltd.,Healthcare,6.66,408.6567,4,,
Solar Industries India Ltd.,Chemicals,3.13,194.826,4,,
Interglobe Aviation Ltd.,Services,2.43,149.00209999999998,4,,
Great Eastern Shipping Company Ltd.,Services,2.42,90.9688,4,,
Pidilite Industries Ltd.,Chemicals,2.5300000000000002,221.37040000000002,4,,
Stove Kraft Ltd.,Consumer Discretionary,1.6400000000000001,137.4548,4,,
DLF Ltd.,Construction,3.09,9.527700000000001,4,,
Aptus Value Housing Finance India Ltd.,Financial,2.37,62.441,4,,
City Union Bank Ltd.,Financial,3.1799999999999997,83.1191,4,,
Torrent Power Ltd.,Energy,4.58,303.7687,4,,
Colgate-Palmolive (India) Ltd.,Consumer Staples,2.5,67.9875,4,,
Crompton Greaves Consumer Electricals Ltd.,Consumer Discretionary,2.24,326.41960000000006,4,,
Vijaya Diagnostic Centre Ltd.,Healthcare,1.6600000000000001,67.52250000000001,4,,
Cyient Limited,Technology,3.89,426.4142,4,,
The Ramco Cements Ltd.,Materials,0.94,56.53359999999999,4,,
Tata Elxsi Ltd.,Technology,4.98,331.20900000000006,4,,
Deepak Nitrite Ltd.,Chemicals,3.2600000000000002,486.35540000000003,4,,
TeamLease Services Ltd.,Services,2.63,78.6622,4,,
Tatva Chintan Pharma Chem Ltd.,Chemicals,1.86,35.5359,4,,
Emami Ltd.,Consumer Staples,1.88,386.96659999999997,4,,
Tata Motors DVR,Automobile,2.2800000000000002,65.1057,4,,
Endurance Technologies Ltd.,Automobile,2.2399999999999998,110.1445,4,,
Anand Rathi Wealth Ltd.,Financial,0.6900000000000001,18.619600000000002,4,,
Arvind Ltd.,Textiles,1.67,28.694000000000003,4,,
India Cements Ltd.,Materials,0.99,13.0879,4,,
Century Textiles & Industries Ltd.,Consumer Staples,2.2,161.223,4,,
Century Enka Ltd.,Textiles,2.16,19.3579,4,,
Bata India Ltd.,Consumer Discretionary,2.73,386.92359999999996,4,,
Bayer CropScience Ltd.,Chemicals,1.6600000000000001,343.958,4,,
V-Mart Retail Ltd.,Services,2.3600000000000003,93.96520000000001,4,,
VST Tillers Tractors Ltd.,Automobile,1.68,180.257,4,,
Blue Dart Express Ltd.,Services,2.59,187.4236,4,,
Blue Star Ltd.,Consumer Discretionary,3.46,265.521,4,,
Automotive Axles Ltd.,Automobile,1.4300000000000002,153.21970000000002,4,,
Vardhman Textiles Ltd.,Textiles,0.9299999999999999,122.4594,4,,
Varroc Engineering Pvt Ltd.,Automobile,0.87,45.617000000000004,4,,
C.E. Info Systems Ltd.,Technology,3.08,37.87,4,,
CESC Ltd.,Energy,1.77,46.7946,4,,
Can Fin Homes Ltd.,Financial,5.23,165.02280000000002,4,,
Ashiana Housing Ltd.,Construction,1.73,71.89590000000001,4,,
Tube Investments Of India Ltd.,Financial,2.63,96.577,4,,
Ceat Ltd.,Automobile,0.8200000000000001,153.47320000000002,4,,
Esab India Ltd.,Capital Goods,3.58,147.5322,4,,
EID-Parry (India) Ltd.,Consumer Staples,2.75,62.0189,4,,
Fine Organic Industries Ltd.,Chemicals,2.13,254.05419999999998,4,,
Westlife Development Ltd.,Services,2.15,58.512699999999995,4,,
TI Financial Holdings Ltd.,Automobile,5.720000000000001,659.3943,4,,
Graphite India Ltd.,Capital Goods,3.29,150.4107,4,,
Grasim Industries Ltd.,Materials,3.39,23.071800000000003,4,0.82,"1,03,132"
Ador Welding Ltd.,Capital Goods,0.93,30.4071,4,,
TCNS Clothing Co Ltd.,Textiles,1.86,39.6666,4,,
TCI Express Ltd.,Services,2.37,36.967600000000004,4,,
Suven Pharmaceutical Ltd.,Healthcare,1.97,58.523700000000005,4,,
HG Infra Engineering Ltd.,Construction,2.67,165.4728,4,,
Wipro Ltd.,Technology,2.52,29.7339,4,1.15,"2,66,105"
Supreme Industries Ltd.,Materials,3.96,286.70799999999997,4,,
Zensar Technologies Ltd.,Technology,0.8600000000000001,65.9464,4,,
AU Housing Finance Ltd.,Financial,3.9299999999999997,84.08250000000001,4,,
APL Apollo Tubes Ltd.,Metals & Mining,3.1799999999999997,184.76909999999998,4,,
Home First Finance Company India Ltd.,Financial,5.33,62.2555,4,,
Zydus Lifesciences Ltd.,Healthcare,1.04,51.0432,4,,
Subros Ltd.,Automobile,1.3399999999999999,60.0886,4,,
Stylam Industries Ltd.,Materials,2.23,39.0817,4,,
Ahluwalia Contracts (India) Ltd.,Construction,2.46,34.0956,4,,
Bandhan Bank Ltd.,Financial,7.140000000000001,156.7944,4,,
Welspun Corp Ltd.,Metals & Mining,4.12,36.532199999999996,4,,
TVS Motor Co. Ltd.,Automobile,3.89,307.71479999999997,4,,
Finolex Cables Ltd.,Capital Goods,0.72,110.79140000000001,4,,
Genus Power Infrastructures Ltd.,Capital Goods,1.55,99.6712,4,,
Tata Chemicals Ltd.,Chemicals,2.27,136.7235,4,,
G R Infra Projects Ltd.,Construction,5.59,38.6753,4,,
Glenmark Pharmaceuticals Ltd.,Healthcare,1.48,14.1173,4,,
Quess Corp Ltd.,Financial,1.19,25.0495,1,,
Varun Beverages Ltd.,Consumer Staples,2.72,132.9264,1,,
Zydus Wellness Ltd.,Consumer Staples,0.76,146.0264,1,,
Primax Electronics Ltd.,Capital Goods,0.56,6.888000000000001,1,,
Valiant organics Ltd,Healthcare,0.14,26.8996,1,,
Pokarna Ltd.,Materials,0.47,90.3058,1,,
United Health Group Inc.,Healthcare,0.88,63.8,1,,
Wendt (India) Ltd.,Metals & Mining,1.21,50.92889999999999,1,,
RateGain Travel Technologies Ltd.,Technology,0.19,3.9995,1,,
Voltamp Transformers Ltd,Capital Goods,0.56,107.5984,1,,
Xtep International Holdings Ltd.,Consumer Staples,2.15,26.445,1,,
Xinyi Solar Holdings Ltd.,Materials,1.71,21.033,1,,
Visa Inc,Financial,0.83,60.175,1,,
Prism Cement Ltd.,Materials,1.31,55.1379,1,,
Vindhya Telelinks Ltd.,Communication,0.55,105.677,1,,
Polyplex Corporation Ltd.,Materials,1.21,232.4894,1,,
Vesuvius India Ltd.,Capital Goods,0.15,28.820999999999998,1,,
Whirlpool Of India Ltd.,Consumer Discretionary,0.59,42.6924,1,,
Procter & Gamble (USA),Consumer Staples,0.78,56.55,1,,
Procter & Gamble Hygiene & Health Care Ltd.,Consumer Staples,0.54,22.0482,1,,
WPIL Ltd.,Capital Goods,0.38,27.496799999999997,1,,
West Coast Paper Mills Ltd.,Consumer Staples,0.74,142.1836,1,,
RailTel Corporation India Ltd.,Communication,0.76,7.8660000000000005,1,,
Trent Ltd.,Services,0.57,11.9985,1,,
Raymond Ltd.,Textiles,0.71,136.4194,1,,
Somany Ceramics Ltd.,Materials,2.38,172.2168,1,,
Shopper's Stop Ltd,Services,1.0,72.36,1,,
Tata Coffee Ltd.,Consumer Staples,0.3,57.641999999999996,1,,
Taiwan Semiconductor Manufacturing Co Ltd. (Taiwan),Capital Goods,0.6,43.5,1,,
Shriram Properties Pvt Ltd.,Construction,0.23,44.1922,1,,
"Shyam Metalics and Energy Ltd,",Metals & Mining,2.2,159.192,1,,
TTK Prestige Ltd.,Consumer Discretionary,1.89,137.025,1,,
TD Power Systems Ltd.,Capital Goods,0.36,69.1704,1,,
Syngene International Ltd.,Healthcare,0.51,9.2667,1,,
Supriya Lifescience Ltd.,Healthcare,0.69,132.57659999999998,1,,
Tata Sponge Iron Ltd.,Metals & Mining,0.79,151.7906,1,,
Sona Koyo Steering Systems Ltd.,Automobile,0.25,48.035,1,,
Sunteck Realty Ltd.,Construction,1.35,28.4445,1,,
Sundaram Finance Ltd.,Financial,3.07,222.575,1,,
Sundaram Finance Holdings Ltd.,Financial,0.34,65.3276,1,,
Sriman Organic Chemical Inds. Ltd.,Chemicals,0.02,3.8428000000000004,1,,
Star Health & Allied Insurance Co. Ltd.,Insurance,1.65,17.0775,1,,
Steel Authority Of India Ltd.,Metals & Mining,2.02,98.7174,1,,
Styrolution ABS (India) Ltd.,Chemicals,0.25,48.035,1,,
Sheela Foam Ltd.,Consumer Discretionary,4.63,335.0268,1,,
Tega Industries Ltd.,Metals & Mining,0.5,58.95,1,,
United Breweries Ltd.,Consumer Staples,1.17,48.34439999999999,1,,
Triveni Engineering & Industries Ltd.,Consumer Staples,0.51,97.9914,1,,
Rites Ltd.,Construction,0.66,29.0004,1,,
Roche Holding AG Gen (UK),Financial,0.74,53.65,1,,
Rossari Biotech Ltd.,Chemicals,1.41,14.593499999999999,1,,
Union Pacific Corporation,Services,0.78,56.55,1,,
Rossell India Ltd.,Consumer Staples,0.37,7.7959000000000005,1,,
Route Mobile Ltd.,Technology,0.67,6.934500000000001,1,,
Unilever PLC,Consumer Staples,2.48,30.504,1,,
S.J.S Enterprises Ltd.,Automobile,0.34,40.086000000000006,1,,
SIRCA Paints India Ltd.,Materials,1.06,43.2798,1,,
Tejas Networks Ltd.,Communication,1.28,245.93920000000003,1,,
Travelsky Technology (HongKong),Services,0.56,6.888000000000001,1,,
Transport Corporation Of India Ltd.,Services,1.28,26.944000000000003,1,,
SP Apparels Ltd.,Textiles,0.34,3.9644000000000004,1,,
SRF Ltd.,Diversified,1.45,63.713,1,,
Sadbhav Engineering Ltd.,Construction,0.22,9.2598,1,,
Sagar Cements Ltd.,Materials,1.59,77.70330000000001,1,,
Texmaco Rail & Engineering Ltd.,Capital Goods,0.19,36.5066,1,,
Texas Instruments Inc. (US),Capital Goods,0.69,50.025,1,,
3M India Ltd.,Diversified,0.63,62.0487,1,,
KPIT Engineering Ltd.,Technology,2.5,480.35,1,,
Pfizer Ltd.,Healthcare,0.6,115.28399999999999,1,,
DCB Bank Ltd.,Financial,0.77,18.0488,1,,
Dishman Carbogen Amcis Ltd.,Healthcare,0.62,13.0634,1,,
Disa India Ltd.,Capital Goods,1.09,45.8781,1,,
Diageo Plc,Consumer Staples,0.69,50.025,1,,
Dhanuka Agritech Ltd.,Chemicals,0.72,52.0992,1,,
Devyani International Ltd.,Services,2.45,25.3575,1,,
Data Pattern'S (India) Ltd.,Capital Goods,1.77,18.3195,1,,
Dabur India Ltd.,Consumer Staples,0.78,91.962,1,,
Crompton Greaves Ltd.,Capital Goods,0.89,64.525,1,,
Dr. Lal Pathlabs Ltd.,Healthcare,1.25,22.7125,1,,
Craftsman Automation Ltd.,Automobile,2.22,9.501600000000002,1,,
Cognizant Technology Solutions Corp.,Technology,1.72,72.39479999999999,1,,
Chennai Petroleum Corpn. Ltd.,Energy,0.39,16.4151,1,,
Chambal Fertilisers & Chemicals Ltd.,Chemicals,0.99,190.2186,1,,
Cera Sanitaryware Ltd.,Materials,2.73,63.9912,1,,
Century Plyboards (India) Ltd.,Materials,5.85,423.306,1,,
Caplin Point Laboratories Ltd.,Healthcare,0.72,8.395199999999999,1,,
Dodla Dairy Ltd.,Consumer Staples,1.0,10.35,1,,
EIH Ltd.,Services,0.83,36.4702,1,,
Brookfield India Real Estate Trust REIT,Construction,4.33,53.25899999999999,1,,
Finolex Industries Ltd.,Materials,2.51,30.872999999999998,1,,
Greenlam Industries Ltd.,Materials,0.86,20.1584,1,,
Godrej Industries Ltd.,Diversified,3.58,12.923800000000002,1,,
Godrej Agrovet Ltd.,Consumer Staples,0.29,55.7206,1,,
Glenmark Life Sciences Ltd.,Healthcare,1.39,29.287300000000002,1,,
Glaxosmithkline Pharmaceuticals Ltd.,Healthcare,1.12,54.73440000000001,1,,
Garware-Wall Ropes Ltd.,Textiles,1.59,115.05239999999999,1,,
Fortive Corporation,Capital Goods,0.55,39.87500000000001,1,,
Fineotex Chemical Ltd.,Chemicals,0.64,122.96960000000001,1,,
Edwards Lifesciences Corp,Healthcare,0.68,49.3,1,,
Facebook Co,Services,0.65,47.125,1,,
FDC Ltd.,Healthcare,0.59,113.3626,1,,
Exxaro Tiles Ltd.,Materials,0.48,10.1136,1,,
Essel Propack Ltd.,Materials,1.06,24.846400000000003,1,,
Embassy Office Parks REIT,Construction,4.53,55.71900000000001,1,,
Electrosteel Castings Ltd.,Metals & Mining,0.19,36.5066,1,,
Elantas Beck India Ltd.,Chemicals,0.71,136.4194,1,,
Capacite Infraprojects Ltd.,Construction,0.1,19.214000000000002,1,,
Brigade Enterprises Ltd.,Construction,0.41,78.7774,1,,
Petronet LNG Ltd.,Energy,2.36,29.028,1,,
Adobe Systems Inc. (USA),Technology,0.61,44.225,1,,
Anthem Inc.,Healthcare,0.82,59.45,1,,
Amulya Leasing & Finance Ltd.,Materials,0.97,70.1892,1,,
American Express Company,Financial,0.79,57.275,1,,
Amazon. com Inc. (USA),Services,1.14,82.65,1,,
Alphabet Inc Class A,Services,1.22,88.45,1,,
Alibaba Group Holdings Ltd.,Services,0.02,1.45,1,,
Alembic Pharmaceuticals Ltd.,Healthcare,1.17,84.6612,1,,
Aditya Birla Sun Life AMC Ltd.,Financial,1.03,10.660499999999999,1,,
Apar Industries Ltd.,Diversified,0.44,84.5416,1,,
Adi Finechem Ltd.,Chemicals,0.93,67.425,1,,
Adani Wilmar Ltd.,Consumer Staples,0.61,117.2054,1,,
Abbott India Ltd.,Healthcare,0.2,13.294,1,,
Aarti Industries Ltd.,Chemicals,1.92,93.8304,1,,
AIA Group (Hongkong),Financial,0.53,38.425,1,,
AIA Engineering Ltd.,Metals & Mining,1.11,4.750800000000001,1,,
AGS Transact Technologies Ltd.,Services,0.1,19.214000000000002,1,,
Anupam Rasayan India Ltd.,Chemicals,0.11,1.2826,1,,
Apex Frozen Foods Ltd.,Consumer Staples,0.24,46.1136,1,,
Bosch Ltd.,Automobile,0.69,29.042099999999994,1,,
BASF India Ltd.,Chemicals,0.75,36.6525,1,,
Booking Holdings Inc,Services,0.7,50.75,1,,
Bharat Rasayan Ltd.,Chemicals,1.6,78.19200000000001,1,,
Barbeque-Nation Hospitality Ltd.,Services,0.21,15.195599999999999,1,,
Bajaj Electricals Ltd.,Consumer Discretionary,1.71,328.55940000000004,1,,
Bajaj Corp Ltd.,Consumer Staples,0.44,84.5416,1,,
BSE Ltd.,Financial,1.35,31.644000000000002,1,,
BEML Ltd.,Capital Goods,1.41,102.0276,1,,
Avanti Feeds Ltd.,Consumer Staples,0.12,23.0568,1,,
Apollo Tyres Ltd.,Automobile,1.09,13.407,1,,
Autozone Inc,Services,0.71,51.475,1,,
Astrazeneca Pharma India Ltd.,Healthcare,0.32,61.48480000000001,1,,
Astral Poly Technik Ltd.,Materials,3.71,268.975,1,,
Astra Zeneca,Healthcare,0.87,63.075,1,,
Aster DM Healthcare Ltd.,Healthcare,0.12,23.0568,1,,
Ashoka Buildcon Ltd.,Construction,0.24,46.1136,1,,
Asahi India Glass Ltd.,Materials,0.29,55.7206,1,,
Greenpanel Industries Ltd.,Materials,2.12,49.692800000000005,1,,
Gulf Oil Lubricants India Ltd.,Chemicals,0.14,3.2816,1,,
HDFC Asset Management Company Ltd.,Financial,0.52,5.382000000000001,1,,
Mazagon Dock Shipbuilders Ltd.,Capital Goods,0.28,11.785200000000001,1,,
Minda Industries Ltd.,Automobile,0.57,27.8559,1,,
Minda Corporation Ltd.,Automobile,0.19,7.9971000000000005,1,,
Microsoft Corportion (US),Technology,1.39,100.775,1,,
Metro Brands Ltd.,Consumer Discretionary,2.6,26.91,1,,
Merck Ltd.,Healthcare,0.44,84.5416,1,,
Merck & Co Inc (US),Healthcare,0.78,56.55,1,,
MediaTek (Taiwan),Capital Goods,0.91,11.193,1,,
Manappuram Finance Ltd.,Financial,2.45,77.8365,1,,
NIIT Ltd.,Technology,3.28,630.2192,1,,
Man Infraconstruction Ltd.,Construction,1.78,9.2738,1,,
MakeMy Trip Ltd.,Services,0.37,7.7885,1,,
Mahindra CIE Automotive Ltd.,Metals & Mining,0.43,82.62020000000001,1,,
Magma Fincorp Ltd.,Financial,1.99,382.3586,1,,
Lowe S Companies Inc (USA),Consumer Discretionary,0.59,42.775,1,,
Lemon Tree Hotels Ltd.,Services,0.65,13.6825,1,,
Laxmi Organic Industries Ltd.,Chemicals,1.43,103.4748,1,,
Mold-Tek Packaging Ltd.,Materials,1.53,35.8632,1,,
NMDC Ltd.,Metals & Mining,2.39,100.5951,1,,
HEG Ltd.,Capital Goods,1.47,60.0201,1,,
Oil India Ltd.,Energy,1.72,6.209199999999999,1,,
Paras Defence And Space Technologies Ltd.,Capital Goods,0.16,30.742400000000004,1,,
PTC India Ltd.,Energy,0.08,15.371200000000002,1,,
Others,Others,0.05,2.1045000000000003,1,,
Oriental Hotels Ltd.,Services,0.5,10.525,1,,
Orient Refractories Limited,Capital Goods,2.31,54.1464,1,,
Orient Paper & Inds. Ltd.,Consumer Staples,0.17,32.6638,1,,
Orient Cement Ltd.,Materials,0.37,71.0918,1,,
Odisha Cement Ltd.,Materials,3.37,164.69190000000003,1,,
NOCIL Ltd.,Materials,1.52,35.6288,1,,
Novatek Microelectronics Corporation (Taiwan),Capital Goods,1.71,21.033,1,,
Nilkamal Ltd.,Materials,1.6,115.77600000000001,1,,
NetFlix Inc. (USA),Services,0.77,32.4093,1,,
Nestle S. A (Switzerland),Consumer Staples,0.78,56.55,1,,
Nestle India Ltd.,Consumer Staples,2.04,6.466800000000001,1,0.81,"1,63,926"
Neogen Chemicals Ltd.,Chemicals,2.43,102.27870000000001,1,,
Navkar Corporation Ltd.,Services,0.13,24.9782,1,,
Larsen & Toubro Infotech Ltd.,Technology,2.9,118.40699999999998,1,,
LIC Housing Finance Ltd.,Financial,0.57,18.1089,1,,
LG Balakrishnan & Bros. Ltd.,Automobile,0.26,49.9564,1,,
ICRA Ltd.,Services,1.35,31.644000000000002,1,,
Indigo Paints Ltd.,Materials,1.4,14.49,1,,
Indian Railway Finance Corpn. Ltd.,Financial,0.66,29.0004,1,,
Indian Oil Corpn. Ltd.,Energy,1.64,20.171999999999997,1,,
India Pesticides Ltd.,Chemicals,0.77,16.2239,1,,
India Glycols Ltd.,Chemicals,1.48,72.3276,1,,
ISGEC Heavy Engineering Ltd.,Capital Goods,0.49,94.1486,1,,
INOX Leisure Ltd.,Services,1.69,35.5745,1,,
ICICI Prudential Life Insurance Company Ltd.,Insurance,1.17,49.2453,1,,
Krsnaa Diagnostics Ltd.,Healthcare,0.42,4.3469999999999995,1,,
Honda Siel Power Products Ltd.,Capital Goods,0.55,105.677,1,,
Hindustan Oil Exploration Co. Ltd.,Energy,0.6,43.416,1,,
Himatsingka Seide Ltd.,Textiles,0.26,3.0316,1,,
Heritage Foods Ltd.,Consumer Staples,0.34,24.602400000000003,1,,
Healthcare Global Enterprises Ltd.,Healthcare,0.68,14.314,1,,
Hawkins Cookers Ltd.,Consumer Discretionary,1.25,90.45,1,,
Hathway Cable & Datacom Ltd.,Communication,0.29,12.7426,1,,
Indoco Remedies Ltd.,Healthcare,0.54,103.75560000000002,1,,
Ingersoll Rand India Ltd.,Capital Goods,0.87,36.6183,1,,
Inox Flurochemicals Ltd.,Chemicals,1.17,47.7711,1,,
International Paper APPM Ltd.,Consumer Staples,0.7,29.462999999999997,1,,
Kolte Patil Developers Ltd.,Construction,0.8,39.096000000000004,1,,
Kirloskar Brothers Ltd.,Capital Goods,0.63,121.0482,1,,
Kewal Kiran Clothing Ltd.,Textiles,0.24,17.3664,1,,
Karur Vysya Bank Ltd.,Financial,0.45,86.46300000000001,1,,
Kansai Nerolac Paints Ltd.,Materials,0.48,105.27359999999999,1,,
KPIT Technologies Ltd.,Technology,0.74,142.1836,1,,
Jyothy Laboratories Ltd.,Consumer Staples,0.7,134.498,1,,
Jindal Steel & Power Ltd.,Metals & Mining,1.08,47.455200000000005,1,,
Jash Engineering Ltd.,Capital Goods,1.29,2.5542000000000002,1,,
Jamna Auto Inds. Ltd.,Automobile,2.92,12.4976,1,,
JSW Steel Ltd.,Metals & Mining,1.99,6.3083,1,0.93,"1,66,945"
JP Morgan Chase & Co. (US),Financial,0.72,52.2,1,,
JM Financial Ltd.,Financial,0.42,18.4548,1,,
JK Lakshmi Cement Ltd.,Materials,0.1,19.214000000000002,1,,
Ion Exchange (India) Ltd.,Capital Goods,0.54,103.75560000000002,1,,
eClerx Services Ltd.,Services,1.42,272.8388,1,,
